<?xml version="1.0" encoding="utf-16"?>
<Users>
  <count>10</count>
  <users>
    <age>33</age>
    <SolidProducts>
      <count>9</count>
      <products>
        <name>Fair Foundation SPF 15</name>
        <price>1394.24</price>
      </products>
      <products>
        <name>Finasteride</name>
        <price>1374.01</price>
      </products>
      <products>
        <name>EMEND</name>
        <price>1365.51</price>
      </products>
      <products>
        <name>IOPE RETIGEN MOISTURE TWIN CAKE NO.21</name>
        <price>1257.71</price>
      </products>
      <products>
        <name>ESIKA</name>
        <price>879.37</price>
      </products>
      <products>
        <name>GOONG SECRET CALMING BATH</name>
        <price>742.47</price>
      </products>
      <products>
        <name>allergy eye</name>
        <price>426.91</price>
      </products>
      <products>
        <name>Allergena</name>
        <price>109.32</price>
      </products>
      <products>
        <name>Glyburide</name>
        <price>95.10</price>
      </products>
    </SolidProducts>
  </users>
  <users>
    <age>23</age>
    <SolidProducts>
      <count>7</count>
      <products>
        <name>Glycopyrrolate</name>
        <price>1471.43</price>
      </products>
      <products>
        <name>Amitriptyline Hydrochloride</name>
        <price>1453.96</price>
      </products>
      <products>
        <name>Topical 60 Sec Sodium Fluoride</name>
        <price>1228.84</price>
      </products>
      <products>
        <name>Baza Antifungal</name>
        <price>1162.34</price>
      </products>
      <products>
        <name>GProducting Pains</name>
        <price>1077.37</price>
      </products>
      <products>
        <name>TYLENOL COLD MULTI-SYMPTOM DAYTIME</name>
        <price>1010.81</price>
      </products>
      <products>
        <name>Foaming Hand Sanitizer</name>
        <price>624.72</price>
      </products>
    </SolidProducts>
  </users>
  <users>
    <age>47</age>
    <SolidProducts>
      <count>6</count>
      <products>
        <name>cough and sore throat</name>
        <price>1482.68</price>
      </products>
      <products>
        <name>Pollens - Trees, Birch Mix</name>
        <price>1153.54</price>
      </products>
      <products>
        <name>PREMIER VALUE ALLERGY</name>
        <price>1127.61</price>
      </products>
      <products>
        <name>smart sense nighttime cold and flu relief</name>
        <price>1101.77</price>
      </products>
      <products>
        <name>Prostate</name>
        <price>716.05</price>
      </products>
      <products>
        <name>PRIMAXIN</name>
        <price>686.66</price>
      </products>
    </SolidProducts>
  </users>
  <users>
    <age>32</age>
    <SolidProducts>
      <count>6</count>
      <products>
        <name>Flumazenil</name>
        <price>1151.37</price>
      </products>
      <products>
        <name>Ringers</name>
        <price>1054.37</price>
      </products>
      <products>
        <name>pain relief</name>
        <price>938.23</price>
      </products>
      <products>
        <name>Ketorolac Tromethamine</name>
        <price>608.18</price>
      </products>
      <products>
        <name>Agaricus Equisetum Special Order</name>
        <price>585.93</price>
      </products>
      <products>
        <name>Yellow Jacket hymenoptera venom Venomil Diagnostic</name>
        <price>23.58</price>
      </products>
    </SolidProducts>
  </users>
  <users>
    <age>30</age>
    <SolidProducts>
      <count>6</count>
      <products>
        <name>Propranolol Hydrochloride</name>
        <price>546.95</price>
      </products>
      <products>
        <name>Extra Strength Pain Reliever PM</name>
        <price>542.72</price>
      </products>
      <products>
        <name>Peter Island Continous sunscreen kids</name>
        <price>471.30</price>
      </products>
      <products>
        <name>CARBIDOPA AND LEVODOPA</name>
        <price>441.64</price>
      </products>
      <products>
        <name>Fluoxetine</name>
        <price>385.37</price>
      </products>
      <products>
        <name>CEDAX</name>
        <price>342.86</price>
      </products>
    </SolidProducts>
  </users>
  <users>
    <age>39</age>
    <SolidProducts>
      <count>6</count>
      <products>
        <name>Nevirapine</name>
        <price>1374.72</price>
      </products>
      <products>
        <name>NEO-POLY-BAC HYDRO</name>
        <price>967.32</price>
      </products>
      <products>
        <name>Homeopathic Rheumatism</name>
        <price>967.08</price>
      </products>
      <products>
        <name>ziprasidone hydrochloride</name>
        <price>628.66</price>
      </products>
      <products>
        <name>Labetalol hydrochloride</name>
        <price>436.38</price>
      </products>
      <products>
        <name>kirkland signature minoxidil</name>
        <price>49.17</price>
      </products>
    </SolidProducts>
  </users>
  <users>
    <age>25</age>
    <SolidProducts>
      <count>6</count>
      <products>
        <name>Alcohol Free Antiseptic</name>
        <price>1486.07</price>
      </products>
      <products>
        <name>Warfarin Sodium</name>
        <price>1379.79</price>
      </products>
      <products>
        <name>CLARINS Ever Matte SPF 15 - 105 Nude</name>
        <price>696.06</price>
      </products>
      <products>
        <name>Topiramate</name>
        <price>578.77</price>
      </products>
      <products>
        <name>Lamotrigine Extended Release</name>
        <price>245.63</price>
      </products>
      <products>
        <name>ERYTHROMYCIN Base Filmtab</name>
        <price>117.84</price>
      </products>
    </SolidProducts>
  </users>
  <users>
    <age>28</age>
    <SolidProducts>
      <count>6</count>
      <products>
        <name>Effervescent Cold Relief</name>
        <price>1436.07</price>
      </products>
      <products>
        <name>Gemcitabine</name>
        <price>594.79</price>
      </products>
      <products>
        <name>Gehwol med Lipidro</name>
        <price>421.24</price>
      </products>
      <products>
        <name>Fexofenadine HCl and Pseudoephedrine HCI</name>
        <price>73.07</price>
      </products>
      <products>
        <name>ORCHID SECRET PACT</name>
        <price>59.53</price>
      </products>
      <products>
        <name>REYATAZ</name>
        <price>41.97</price>
      </products>
    </SolidProducts>
  </users>
  <users>
    <age>50</age>
    <SolidProducts>
      <count>5</count>
      <products>
        <name>Topex</name>
        <price>1258.49</price>
      </products>
      <products>
        <name>Retin-A MICRO</name>
        <price>995.98</price>
      </products>
      <products>
        <name>Aspirin</name>
        <price>925.45</price>
      </products>
      <products>
        <name>Meloxicam</name>
        <price>809.18</price>
      </products>
      <products>
        <name>Goats Milk</name>
        <price>298.53</price>
      </products>
    </SolidProducts>
  </users>
  <users>
    <age>29</age>
    <SolidProducts>
      <count>5</count>
      <products>
        <name>Etodolac</name>
        <price>1443.13</price>
      </products>
      <products>
        <name>Wintergreen Isopropyl Alcohol</name>
        <price>1397.57</price>
      </products>
      <products>
        <name>VITALUMIERE AQUA</name>
        <price>1293.09</price>
      </products>
      <products>
        <name>Ondansetron</name>
        <price>1249.76</price>
      </products>
      <products>
        <name>Aspen</name>
        <price>1046.46</price>
      </products>
    </SolidProducts>
  </users>
</Users>